Episode ID,Screenshot URL
1,http://i64.tinypic.com/2cf6pmu.png
1,http://i67.tinypic.com/o8zzoh.png
1,http://i68.tinypic.com/qyj0uo.png
1,http://i64.tinypic.com/mr4uuw.png
1,http://i67.tinypic.com/2dkbl9l.png
1,http://i63.tinypic.com/20fvkn9.png
1,http://i68.tinypic.com/14czf46.png
2,http://i64.tinypic.com/10sc8s1.png
2,http://i65.tinypic.com/mwwdck.png
2,http://i63.tinypic.com/152g5md.png
2,http://i64.tinypic.com/o7m0dw.png
2,http://i66.tinypic.com/2nbzp1w.png
2,http://i67.tinypic.com/2yodaae.png
2,http://i68.tinypic.com/316r97k.png